年度,受傷部位,行業別,受傷部位次數
2014,頭,農、林、漁、牧業,4
2014,頭,礦業及土石採取業,1
2014,頭,食品製造業,32
2014,頭,飲料製造業,1
2014,頭,菸草製造業,0
2014,頭,紡織業,17
2014,頭,成衣及服飾品製造業,3
2014,頭,皮革、毛皮及其製品製造業,2
2014,頭,木竹製品製造業,4
2014,頭,紙漿、紙及紙製品製造業,9
2014,頭,印刷及資料儲存媒體複製業,3
2014,頭,石油及煤製品製造業,2
2014,頭,化學材料製造業,14
2014,頭,化學製品製造業,6
2014,頭,藥品製造業,4
2014,頭,橡膠製品製造業,8
2014,頭,塑膠製品製造業,14
2014,頭,非金屬礦物製品製造業,23
2014,頭,基本金屬製造業,22
2014,頭,金屬製品製造業,45
2014,頭,電子零組件製造業,99
2014,頭,電腦、電子產品及光學製品製造業,30
2014,頭,電力設備製造業,12
2014,頭,機械設備製造業,36
2014,頭,汽車及其零件製造業,10
2014,頭,其他運輸工具製造業,16
2014,頭,家具製造業,1
2014,頭,其他製造業,11
2014,頭,產業用機械設備維修及安裝業,1
2014,頭,電力及燃氣供應業,2
2014,頭,用水供應及污染整治業,31
2014,頭,營造業,28
2014,頭,批發及零售業,76
2014,頭,運輸及倉儲業,134
2014,頭,住宿及餐飲業,62
2014,頭,資訊及通訊傳播業,8
2014,頭,金融及保險業,31
2014,頭,不動產業,13
2014,頭,專業、科學及技術服務業,6
2014,頭,支援服務業,40
2014,頭,公共行政及國防；強制性社會安全,31
2014,頭,教育服務業,3
2014,頭,醫療保健及社會工作服務業,43
2014,頭,藝術、娛樂及休閒服務業,7
2014,頭,其他服務業,9
2014,臉顏,農、林、漁、牧業,2
2014,臉顏,礦業及土石採取業,0
2014,臉顏,食品製造業,13
2014,臉顏,飲料製造業,4
2014,臉顏,菸草製造業,0
2014,臉顏,紡織業,3
2014,臉顏,成衣及服飾品製造業,1
2014,臉顏,皮革、毛皮及其製品製造業,2
2014,臉顏,木竹製品製造業,2
2014,臉顏,紙漿、紙及紙製品製造業,7
2014,臉顏,印刷及資料儲存媒體複製業,1
2014,臉顏,石油及煤製品製造業,4
2014,臉顏,化學材料製造業,13
2014,臉顏,化學製品製造業,10
2014,臉顏,藥品製造業,6
2014,臉顏,橡膠製品製造業,9
2014,臉顏,塑膠製品製造業,6
2014,臉顏,非金屬礦物製品製造業,7
2014,臉顏,基本金屬製造業,16
2014,臉顏,金屬製品製造業,28
2014,臉顏,電子零組件製造業,49
2014,臉顏,電腦、電子產品及光學製品製造業,18
2014,臉顏,電力設備製造業,12
2014,臉顏,機械設備製造業,16
2014,臉顏,汽車及其零件製造業,6
2014,臉顏,其他運輸工具製造業,11
2014,臉顏,家具製造業,0
2014,臉顏,其他製造業,2
2014,臉顏,產業用機械設備維修及安裝業,0
2014,臉顏,電力及燃氣供應業,3
2014,臉顏,用水供應及污染整治業,13
2014,臉顏,營造業,21
2014,臉顏,批發及零售業,30
2014,臉顏,運輸及倉儲業,88
2014,臉顏,住宿及餐飲業,53
2014,臉顏,資訊及通訊傳播業,9
2014,臉顏,金融及保險業,22
2014,臉顏,不動產業,5
2014,臉顏,專業、科學及技術服務業,2
2014,臉顏,支援服務業,20
2014,臉顏,公共行政及國防；強制性社會安全,19
2014,臉顏,教育服務業,2
2014,臉顏,醫療保健及社會工作服務業,25
2014,臉顏,藝術、娛樂及休閒服務業,3
2014,臉顏,其他服務業,1
2014,頸,農、林、漁、牧業,1
2014,頸,礦業及土石採取業,0
2014,頸,食品製造業,2
2014,頸,飲料製造業,0
2014,頸,菸草製造業,0
2014,頸,紡織業,6
2014,頸,成衣及服飾品製造業,0
2014,頸,皮革、毛皮及其製品製造業,0
2014,頸,木竹製品製造業,1
2014,頸,紙漿、紙及紙製品製造業,1
2014,頸,印刷及資料儲存媒體複製業,0
2014,頸,石油及煤製品製造業,0
2014,頸,化學材料製造業,9
2014,頸,化學製品製造業,4
2014,頸,藥品製造業,2
2014,頸,橡膠製品製造業,1
2014,頸,塑膠製品製造業,3
2014,頸,非金屬礦物製品製造業,3
2014,頸,基本金屬製造業,3
2014,頸,金屬製品製造業,6
2014,頸,電子零組件製造業,14
2014,頸,電腦、電子產品及光學製品製造業,3
2014,頸,電力設備製造業,1
2014,頸,機械設備製造業,3
2014,頸,汽車及其零件製造業,2
2014,頸,其他運輸工具製造業,1
2014,頸,家具製造業,1
2014,頸,其他製造業,1
2014,頸,產業用機械設備維修及安裝業,0
2014,頸,電力及燃氣供應業,3
2014,頸,用水供應及污染整治業,11
2014,頸,營造業,8
2014,頸,批發及零售業,13
2014,頸,運輸及倉儲業,33
2014,頸,住宿及餐飲業,18
2014,頸,資訊及通訊傳播業,4
2014,頸,金融及保險業,6
2014,頸,不動產業,7
2014,頸,專業、科學及技術服務業,0
2014,頸,支援服務業,8
2014,頸,公共行政及國防；強制性社會安全,8
2014,頸,教育服務業,0
2014,頸,醫療保健及社會工作服務業,8
2014,頸,藝術、娛樂及休閒服務業,1
2014,頸,其他服務業,1
2014,肩,農、林、漁、牧業,1
2014,肩,礦業及土石採取業,0
2014,肩,食品製造業,9
2014,肩,飲料製造業,1
2014,肩,菸草製造業,0
2014,肩,紡織業,5
2014,肩,成衣及服飾品製造業,0
2014,肩,皮革、毛皮及其製品製造業,0
2014,肩,木竹製品製造業,0
2014,肩,紙漿、紙及紙製品製造業,4
2014,肩,印刷及資料儲存媒體複製業,0
2014,肩,石油及煤製品製造業,0
2014,肩,化學材料製造業,1
2014,肩,化學製品製造業,6
2014,肩,藥品製造業,1
2014,肩,橡膠製品製造業,3
2014,肩,塑膠製品製造業,6
2014,肩,非金屬礦物製品製造業,3
2014,肩,基本金屬製造業,4
2014,肩,金屬製品製造業,9
2014,肩,電子零組件製造業,18
2014,肩,電腦、電子產品及光學製品製造業,5
2014,肩,電力設備製造業,4
2014,肩,機械設備製造業,3
2014,肩,汽車及其零件製造業,2
2014,肩,其他運輸工具製造業,3
2014,肩,家具製造業,0
2014,肩,其他製造業,6
2014,肩,產業用機械設備維修及安裝業,0
2014,肩,電力及燃氣供應業,0
2014,肩,用水供應及污染整治業,18
2014,肩,營造業,9
2014,肩,批發及零售業,32
2014,肩,運輸及倉儲業,75
2014,肩,住宿及餐飲業,21
2014,肩,資訊及通訊傳播業,5
2014,肩,金融及保險業,19
2014,肩,不動產業,8
2014,肩,專業、科學及技術服務業,0
2014,肩,支援服務業,18
2014,肩,公共行政及國防；強制性社會安全,16
2014,肩,教育服務業,0
2014,肩,醫療保健及社會工作服務業,14
2014,肩,藝術、娛樂及休閒服務業,2
2014,肩,其他服務業,0
2014,鎖骨,農、林、漁、牧業,0
2014,鎖骨,礦業及土石採取業,0
2014,鎖骨,食品製造業,1
2014,鎖骨,飲料製造業,2
2014,鎖骨,菸草製造業,0
2014,鎖骨,紡織業,3
2014,鎖骨,成衣及服飾品製造業,0
2014,鎖骨,皮革、毛皮及其製品製造業,0
2014,鎖骨,木竹製品製造業,0
2014,鎖骨,紙漿、紙及紙製品製造業,3
2014,鎖骨,印刷及資料儲存媒體複製業,1
2014,鎖骨,石油及煤製品製造業,0
2014,鎖骨,化學材料製造業,3
2014,鎖骨,化學製品製造業,2
2014,鎖骨,藥品製造業,2
2014,鎖骨,橡膠製品製造業,0
2014,鎖骨,塑膠製品製造業,0
2014,鎖骨,非金屬礦物製品製造業,4
2014,鎖骨,基本金屬製造業,3
2014,鎖骨,金屬製品製造業,4
2014,鎖骨,電子零組件製造業,3
2014,鎖骨,電腦、電子產品及光學製品製造業,3
2014,鎖骨,電力設備製造業,3
2014,鎖骨,機械設備製造業,1
2014,鎖骨,汽車及其零件製造業,1
2014,鎖骨,其他運輸工具製造業,2
2014,鎖骨,家具製造業,0
2014,鎖骨,其他製造業,0
2014,鎖骨,產業用機械設備維修及安裝業,0
2014,鎖骨,電力及燃氣供應業,0
2014,鎖骨,用水供應及污染整治業,2
2014,鎖骨,營造業,6
2014,鎖骨,批發及零售業,4
2014,鎖骨,運輸及倉儲業,16
2014,鎖骨,住宿及餐飲業,2
2014,鎖骨,資訊及通訊傳播業,3
2014,鎖骨,金融及保險業,12
2014,鎖骨,不動產業,3
2014,鎖骨,專業、科學及技術服務業,0
2014,鎖骨,支援服務業,9
2014,鎖骨,公共行政及國防；強制性社會安全,0
2014,鎖骨,教育服務業,0
2014,鎖骨,醫療保健及社會工作服務業,0
2014,鎖骨,藝術、娛樂及休閒服務業,0
2014,鎖骨,其他服務業,0
2014,上膊,農、林、漁、牧業,1
2014,上膊,礦業及土石採取業,0
2014,上膊,食品製造業,8
2014,上膊,飲料製造業,0
2014,上膊,菸草製造業,0
2014,上膊,紡織業,8
2014,上膊,成衣及服飾品製造業,0
2014,上膊,皮革、毛皮及其製品製造業,0
2014,上膊,木竹製品製造業,0
2014,上膊,紙漿、紙及紙製品製造業,2
2014,上膊,印刷及資料儲存媒體複製業,0
2014,上膊,石油及煤製品製造業,0
2014,上膊,化學材料製造業,1
2014,上膊,化學製品製造業,1
2014,上膊,藥品製造業,1
2014,上膊,橡膠製品製造業,4
2014,上膊,塑膠製品製造業,2
2014,上膊,非金屬礦物製品製造業,5
2014,上膊,基本金屬製造業,3
2014,上膊,金屬製品製造業,8
2014,上膊,電子零組件製造業,8
2014,上膊,電腦、電子產品及光學製品製造業,2
2014,上膊,電力設備製造業,4
2014,上膊,機械設備製造業,8
2014,上膊,汽車及其零件製造業,2
2014,上膊,其他運輸工具製造業,4
2014,上膊,家具製造業,2
2014,上膊,其他製造業,1
2014,上膊,產業用機械設備維修及安裝業,0
2014,上膊,電力及燃氣供應業,0
2014,上膊,用水供應及污染整治業,1
2014,上膊,營造業,5
2014,上膊,批發及零售業,15
2014,上膊,運輸及倉儲業,10
2014,上膊,住宿及餐飲業,7
2014,上膊,資訊及通訊傳播業,1
2014,上膊,金融及保險業,6
2014,上膊,不動產業,0
2014,上膊,專業、科學及技術服務業,1
2014,上膊,支援服務業,7
2014,上膊,公共行政及國防；強制性社會安全,3
2014,上膊,教育服務業,0
2014,上膊,醫療保健及社會工作服務業,9
2014,上膊,藝術、娛樂及休閒服務業,1
2014,上膊,其他服務業,0
2014,肘,農、林、漁、牧業,3
2014,肘,礦業及土石採取業,0
2014,肘,食品製造業,17
2014,肘,飲料製造業,0
2014,肘,菸草製造業,0
2014,肘,紡織業,14
2014,肘,成衣及服飾品製造業,0
2014,肘,皮革、毛皮及其製品製造業,2
2014,肘,木竹製品製造業,0
2014,肘,紙漿、紙及紙製品製造業,2
2014,肘,印刷及資料儲存媒體複製業,2
2014,肘,石油及煤製品製造業,0
2014,肘,化學材料製造業,3
2014,肘,化學製品製造業,8
2014,肘,藥品製造業,2
2014,肘,橡膠製品製造業,2
2014,肘,塑膠製品製造業,7
2014,肘,非金屬礦物製品製造業,6
2014,肘,基本金屬製造業,7
2014,肘,金屬製品製造業,27
2014,肘,電子零組件製造業,31
2014,肘,電腦、電子產品及光學製品製造業,10
2014,肘,電力設備製造業,3
2014,肘,機械設備製造業,6
2014,肘,汽車及其零件製造業,4
2014,肘,其他運輸工具製造業,4
2014,肘,家具製造業,0
2014,肘,其他製造業,3
2014,肘,產業用機械設備維修及安裝業,0
2014,肘,電力及燃氣供應業,1
2014,肘,用水供應及污染整治業,7
2014,肘,營造業,13
2014,肘,批發及零售業,38
2014,肘,運輸及倉儲業,59
2014,肘,住宿及餐飲業,27
2014,肘,資訊及通訊傳播業,5
2014,肘,金融及保險業,15
2014,肘,不動產業,5
2014,肘,專業、科學及技術服務業,3
2014,肘,支援服務業,13
2014,肘,公共行政及國防；強制性社會安全,15
2014,肘,教育服務業,2
2014,肘,醫療保健及社會工作服務業,18
2014,肘,藝術、娛樂及休閒服務業,4
2014,肘,其他服務業,2
2014,前膊,農、林、漁、牧業,0
2014,前膊,礦業及土石採取業,0
2014,前膊,食品製造業,11
2014,前膊,飲料製造業,2
2014,前膊,菸草製造業,0
2014,前膊,紡織業,4
2014,前膊,成衣及服飾品製造業,6
2014,前膊,皮革、毛皮及其製品製造業,2
2014,前膊,木竹製品製造業,0
2014,前膊,紙漿、紙及紙製品製造業,2
2014,前膊,印刷及資料儲存媒體複製業,1
2014,前膊,石油及煤製品製造業,0
2014,前膊,化學材料製造業,7
2014,前膊,化學製品製造業,3
2014,前膊,藥品製造業,1
2014,前膊,橡膠製品製造業,14
2014,前膊,塑膠製品製造業,10
2014,前膊,非金屬礦物製品製造業,10
2014,前膊,基本金屬製造業,16
2014,前膊,金屬製品製造業,12
2014,前膊,電子零組件製造業,23
2014,前膊,電腦、電子產品及光學製品製造業,2
2014,前膊,電力設備製造業,5
2014,前膊,機械設備製造業,12
2014,前膊,汽車及其零件製造業,3
2014,前膊,其他運輸工具製造業,3
2014,前膊,家具製造業,2
2014,前膊,其他製造業,2
2014,前膊,產業用機械設備維修及安裝業,0
2014,前膊,電力及燃氣供應業,1
2014,前膊,用水供應及污染整治業,7
2014,前膊,營造業,6
2014,前膊,批發及零售業,9
2014,前膊,運輸及倉儲業,13
2014,前膊,住宿及餐飲業,27
2014,前膊,資訊及通訊傳播業,0
2014,前膊,金融及保險業,8
2014,前膊,不動產業,4
2014,前膊,專業、科學及技術服務業,2
2014,前膊,支援服務業,4
2014,前膊,公共行政及國防；強制性社會安全,2
2014,前膊,教育服務業,0
2014,前膊,醫療保健及社會工作服務業,5
2014,前膊,藝術、娛樂及休閒服務業,3
2014,前膊,其他服務業,0
2014,腕,農、林、漁、牧業,4
2014,腕,礦業及土石採取業,0
2014,腕,食品製造業,28
2014,腕,飲料製造業,3
2014,腕,菸草製造業,0
2014,腕,紡織業,9
2014,腕,成衣及服飾品製造業,0
2014,腕,皮革、毛皮及其製品製造業,2
2014,腕,木竹製品製造業,1
2014,腕,紙漿、紙及紙製品製造業,7
2014,腕,印刷及資料儲存媒體複製業,2
2014,腕,石油及煤製品製造業,0
2014,腕,化學材料製造業,5
2014,腕,化學製品製造業,2
2014,腕,藥品製造業,0
2014,腕,橡膠製品製造業,7
2014,腕,塑膠製品製造業,8
2014,腕,非金屬礦物製品製造業,4
2014,腕,基本金屬製造業,4
2014,腕,金屬製品製造業,16
2014,腕,電子零組件製造業,32
2014,腕,電腦、電子產品及光學製品製造業,15
2014,腕,電力設備製造業,10
2014,腕,機械設備製造業,11
2014,腕,汽車及其零件製造業,3
2014,腕,其他運輸工具製造業,3
2014,腕,家具製造業,1
2014,腕,其他製造業,4
2014,腕,產業用機械設備維修及安裝業,0
2014,腕,電力及燃氣供應業,1
2014,腕,用水供應及污染整治業,17
2014,腕,營造業,18
2014,腕,批發及零售業,20
2014,腕,運輸及倉儲業,35
2014,腕,住宿及餐飲業,37
2014,腕,資訊及通訊傳播業,1
2014,腕,金融及保險業,11
2014,腕,不動產業,6
2014,腕,專業、科學及技術服務業,1
2014,腕,支援服務業,14
2014,腕,公共行政及國防；強制性社會安全,15
2014,腕,教育服務業,0
2014,腕,醫療保健及社會工作服務業,25
2014,腕,藝術、娛樂及休閒服務業,4
2014,腕,其他服務業,1
2014,胸,農、林、漁、牧業,2
2014,胸,礦業及土石採取業,1
2014,胸,食品製造業,6
2014,胸,飲料製造業,0
2014,胸,菸草製造業,0
2014,胸,紡織業,10
2014,胸,成衣及服飾品製造業,0
2014,胸,皮革、毛皮及其製品製造業,2
2014,胸,木竹製品製造業,1
2014,胸,紙漿、紙及紙製品製造業,3
2014,胸,印刷及資料儲存媒體複製業,1
2014,胸,石油及煤製品製造業,0
2014,胸,化學材料製造業,7
2014,胸,化學製品製造業,6
2014,胸,藥品製造業,4
2014,胸,橡膠製品製造業,2
2014,胸,塑膠製品製造業,3
2014,胸,非金屬礦物製品製造業,7
2014,胸,基本金屬製造業,6
2014,胸,金屬製品製造業,20
2014,胸,電子零組件製造業,12
2014,胸,電腦、電子產品及光學製品製造業,4
2014,胸,電力設備製造業,8
2014,胸,機械設備製造業,7
2014,胸,汽車及其零件製造業,4
2014,胸,其他運輸工具製造業,2
2014,胸,家具製造業,3
2014,胸,其他製造業,3
2014,胸,產業用機械設備維修及安裝業,1
2014,胸,電力及燃氣供應業,0
2014,胸,用水供應及污染整治業,8
2014,胸,營造業,13
2014,胸,批發及零售業,12
2014,胸,運輸及倉儲業,72
2014,胸,住宿及餐飲業,13
2014,胸,資訊及通訊傳播業,5
2014,胸,金融及保險業,9
2014,胸,不動產業,2
2014,胸,專業、科學及技術服務業,3
2014,胸,支援服務業,15
2014,胸,公共行政及國防；強制性社會安全,14
2014,胸,教育服務業,0
2014,胸,醫療保健及社會工作服務業,4
2014,胸,藝術、娛樂及休閒服務業,1
2014,胸,其他服務業,2
2014,肋骨,農、林、漁、牧業,1
2014,肋骨,礦業及土石採取業,1
2014,肋骨,食品製造業,6
2014,肋骨,飲料製造業,1
2014,肋骨,菸草製造業,0
2014,肋骨,紡織業,4
2014,肋骨,成衣及服飾品製造業,0
2014,肋骨,皮革、毛皮及其製品製造業,0
2014,肋骨,木竹製品製造業,0
2014,肋骨,紙漿、紙及紙製品製造業,0
2014,肋骨,印刷及資料儲存媒體複製業,0
2014,肋骨,石油及煤製品製造業,0
2014,肋骨,化學材料製造業,3
2014,肋骨,化學製品製造業,2
2014,肋骨,藥品製造業,0
2014,肋骨,橡膠製品製造業,0
2014,肋骨,塑膠製品製造業,3
2014,肋骨,非金屬礦物製品製造業,4
2014,肋骨,基本金屬製造業,6
2014,肋骨,金屬製品製造業,5
2014,肋骨,電子零組件製造業,7
2014,肋骨,電腦、電子產品及光學製品製造業,2
2014,肋骨,電力設備製造業,1
2014,肋骨,機械設備製造業,3
2014,肋骨,汽車及其零件製造業,5
2014,肋骨,其他運輸工具製造業,4
2014,肋骨,家具製造業,0
2014,肋骨,其他製造業,1
2014,肋骨,產業用機械設備維修及安裝業,0
2014,肋骨,電力及燃氣供應業,0
2014,肋骨,用水供應及污染整治業,3
2014,肋骨,營造業,15
2014,肋骨,批發及零售業,6
2014,肋骨,運輸及倉儲業,24
2014,肋骨,住宿及餐飲業,3
2014,肋骨,資訊及通訊傳播業,6
2014,肋骨,金融及保險業,8
2014,肋骨,不動產業,0
2014,肋骨,專業、科學及技術服務業,0
2014,肋骨,支援服務業,5
2014,肋骨,公共行政及國防；強制性社會安全,9
2014,肋骨,教育服務業,0
2014,肋骨,醫療保健及社會工作服務業,4
2014,肋骨,藝術、娛樂及休閒服務業,2
2014,肋骨,其他服務業,1
2014,背,農、林、漁、牧業,0
2014,背,礦業及土石採取業,1
2014,背,食品製造業,22
2014,背,飲料製造業,0
2014,背,菸草製造業,0
2014,背,紡織業,11
2014,背,成衣及服飾品製造業,0
2014,背,皮革、毛皮及其製品製造業,0
2014,背,木竹製品製造業,0
2014,背,紙漿、紙及紙製品製造業,2
2014,背,印刷及資料儲存媒體複製業,1
2014,背,石油及煤製品製造業,0
2014,背,化學材料製造業,6
2014,背,化學製品製造業,4
2014,背,藥品製造業,3
2014,背,橡膠製品製造業,4
2014,背,塑膠製品製造業,9
2014,背,非金屬礦物製品製造業,8
2014,背,基本金屬製造業,7
2014,背,金屬製品製造業,8
2014,背,電子零組件製造業,36
2014,背,電腦、電子產品及光學製品製造業,14
2014,背,電力設備製造業,5
2014,背,機械設備製造業,17
2014,背,汽車及其零件製造業,3
2014,背,其他運輸工具製造業,5
2014,背,家具製造業,0
2014,背,其他製造業,3
2014,背,產業用機械設備維修及安裝業,0
2014,背,電力及燃氣供應業,1
2014,背,用水供應及污染整治業,20
2014,背,營造業,21
2014,背,批發及零售業,30
2014,背,運輸及倉儲業,68
2014,背,住宿及餐飲業,39
2014,背,資訊及通訊傳播業,8
2014,背,金融及保險業,9
2014,背,不動產業,6
2014,背,專業、科學及技術服務業,3
2014,背,支援服務業,12
2014,背,公共行政及國防；強制性社會安全,22
2014,背,教育服務業,1
2014,背,醫療保健及社會工作服務業,22
2014,背,藝術、娛樂及休閒服務業,5
2014,背,其他服務業,1
2014,手,農、林、漁、牧業,8
2014,手,礦業及土石採取業,3
2014,手,食品製造業,114
2014,手,飲料製造業,6
2014,手,菸草製造業,0
2014,手,紡織業,61
2014,手,成衣及服飾品製造業,8
2014,手,皮革、毛皮及其製品製造業,10
2014,手,木竹製品製造業,3
2014,手,紙漿、紙及紙製品製造業,45
2014,手,印刷及資料儲存媒體複製業,3
2014,手,石油及煤製品製造業,0
2014,手,化學材料製造業,29
2014,手,化學製品製造業,18
2014,手,藥品製造業,17
2014,手,橡膠製品製造業,39
2014,手,塑膠製品製造業,86
2014,手,非金屬礦物製品製造業,77
2014,手,基本金屬製造業,62
2014,手,金屬製品製造業,152
2014,手,電子零組件製造業,181
2014,手,電腦、電子產品及光學製品製造業,58
2014,手,電力設備製造業,50
2014,手,機械設備製造業,87
2014,手,汽車及其零件製造業,37
2014,手,其他運輸工具製造業,42
2014,手,家具製造業,10
2014,手,其他製造業,28
2014,手,產業用機械設備維修及安裝業,2
2014,手,電力及燃氣供應業,2
2014,手,用水供應及污染整治業,38
2014,手,營造業,57
2014,手,批發及零售業,148
2014,手,運輸及倉儲業,210
2014,手,住宿及餐飲業,277
2014,手,資訊及通訊傳播業,14
2014,手,金融及保險業,54
2014,手,不動產業,20
2014,手,專業、科學及技術服務業,11
2014,手,支援服務業,56
2014,手,公共行政及國防；強制性社會安全,38
2014,手,教育服務業,3
2014,手,醫療保健及社會工作服務業,71
2014,手,藝術、娛樂及休閒服務業,20
2014,手,其他服務業,8
2014,指,農、林、漁、牧業,5
2014,指,礦業及土石採取業,2
2014,指,食品製造業,168
2014,指,飲料製造業,5
2014,指,菸草製造業,0
2014,指,紡織業,83
2014,指,成衣及服飾品製造業,13
2014,指,皮革、毛皮及其製品製造業,15
2014,指,木竹製品製造業,20
2014,指,紙漿、紙及紙製品製造業,47
2014,指,印刷及資料儲存媒體複製業,25
2014,指,石油及煤製品製造業,1
2014,指,化學材料製造業,36
2014,指,化學製品製造業,21
2014,指,藥品製造業,27
2014,指,橡膠製品製造業,73
2014,指,塑膠製品製造業,129
2014,指,非金屬礦物製品製造業,73
2014,指,基本金屬製造業,117
2014,指,金屬製品製造業,349
2014,指,電子零組件製造業,222
2014,指,電腦、電子產品及光學製品製造業,69
2014,指,電力設備製造業,92
2014,指,機械設備製造業,162
2014,指,汽車及其零件製造業,88
2014,指,其他運輸工具製造業,85
2014,指,家具製造業,21
2014,指,其他製造業,45
2014,指,產業用機械設備維修及安裝業,2
2014,指,電力及燃氣供應業,4
2014,指,用水供應及污染整治業,31
2014,指,營造業,52
2014,指,批發及零售業,163
2014,指,運輸及倉儲業,120
2014,指,住宿及餐飲業,255
2014,指,資訊及通訊傳播業,9
2014,指,金融及保險業,10
2014,指,不動產業,1
2014,指,專業、科學及技術服務業,9
2014,指,支援服務業,27
2014,指,公共行政及國防；強制性社會安全,34
2014,指,教育服務業,1
2014,指,醫療保健及社會工作服務業,69
2014,指,藝術、娛樂及休閒服務業,13
2014,指,其他服務業,4
2014,腹,農、林、漁、牧業,0
2014,腹,礦業及土石採取業,0
2014,腹,食品製造業,8
2014,腹,飲料製造業,1
2014,腹,菸草製造業,0
2014,腹,紡織業,2
2014,腹,成衣及服飾品製造業,0
2014,腹,皮革、毛皮及其製品製造業,0
2014,腹,木竹製品製造業,0
2014,腹,紙漿、紙及紙製品製造業,2
2014,腹,印刷及資料儲存媒體複製業,0
2014,腹,石油及煤製品製造業,0
2014,腹,化學材料製造業,3
2014,腹,化學製品製造業,2
2014,腹,藥品製造業,2
2014,腹,橡膠製品製造業,4
2014,腹,塑膠製品製造業,1
2014,腹,非金屬礦物製品製造業,5
2014,腹,基本金屬製造業,8
2014,腹,金屬製品製造業,9
2014,腹,電子零組件製造業,5
2014,腹,電腦、電子產品及光學製品製造業,1
2014,腹,電力設備製造業,4
2014,腹,機械設備製造業,3
2014,腹,汽車及其零件製造業,0
2014,腹,其他運輸工具製造業,4
2014,腹,家具製造業,1
2014,腹,其他製造業,1
2014,腹,產業用機械設備維修及安裝業,0
2014,腹,電力及燃氣供應業,0
2014,腹,用水供應及污染整治業,1
2014,腹,營造業,4
2014,腹,批發及零售業,11
2014,腹,運輸及倉儲業,23
2014,腹,住宿及餐飲業,6
2014,腹,資訊及通訊傳播業,2
2014,腹,金融及保險業,2
2014,腹,不動產業,1
2014,腹,專業、科學及技術服務業,1
2014,腹,支援服務業,3
2014,腹,公共行政及國防；強制性社會安全,5
2014,腹,教育服務業,0
2014,腹,醫療保健及社會工作服務業,10
2014,腹,藝術、娛樂及休閒服務業,2
2014,腹,其他服務業,0
2014,臀,農、林、漁、牧業,2
2014,臀,礦業及土石採取業,0
2014,臀,食品製造業,20
2014,臀,飲料製造業,0
2014,臀,菸草製造業,1
2014,臀,紡織業,3
2014,臀,成衣及服飾品製造業,0
2014,臀,皮革、毛皮及其製品製造業,1
2014,臀,木竹製品製造業,0
2014,臀,紙漿、紙及紙製品製造業,2
2014,臀,印刷及資料儲存媒體複製業,0
2014,臀,石油及煤製品製造業,0
2014,臀,化學材料製造業,3
2014,臀,化學製品製造業,2
2014,臀,藥品製造業,2
2014,臀,橡膠製品製造業,4
2014,臀,塑膠製品製造業,5
2014,臀,非金屬礦物製品製造業,0
2014,臀,基本金屬製造業,4
2014,臀,金屬製品製造業,10
2014,臀,電子零組件製造業,17
2014,臀,電腦、電子產品及光學製品製造業,7
2014,臀,電力設備製造業,4
2014,臀,機械設備製造業,5
2014,臀,汽車及其零件製造業,0
2014,臀,其他運輸工具製造業,4
2014,臀,家具製造業,1
2014,臀,其他製造業,3
2014,臀,產業用機械設備維修及安裝業,0
2014,臀,電力及燃氣供應業,1
2014,臀,用水供應及污染整治業,9
2014,臀,營造業,12
2014,臀,批發及零售業,26
2014,臀,運輸及倉儲業,35
2014,臀,住宿及餐飲業,36
2014,臀,資訊及通訊傳播業,9
2014,臀,金融及保險業,6
2014,臀,不動產業,3
2014,臀,專業、科學及技術服務業,1
2014,臀,支援服務業,10
2014,臀,公共行政及國防；強制性社會安全,11
2014,臀,教育服務業,0
2014,臀,醫療保健及社會工作服務業,17
2014,臀,藝術、娛樂及休閒服務業,8
2014,臀,其他服務業,2
2014,鼠蹊,農、林、漁、牧業,0
2014,鼠蹊,礦業及土石採取業,0
2014,鼠蹊,食品製造業,0
2014,鼠蹊,飲料製造業,0
2014,鼠蹊,菸草製造業,0
2014,鼠蹊,紡織業,1
2014,鼠蹊,成衣及服飾品製造業,0
2014,鼠蹊,皮革、毛皮及其製品製造業,0
2014,鼠蹊,木竹製品製造業,0
2014,鼠蹊,紙漿、紙及紙製品製造業,0
2014,鼠蹊,印刷及資料儲存媒體複製業,0
2014,鼠蹊,石油及煤製品製造業,0
2014,鼠蹊,化學材料製造業,1
2014,鼠蹊,化學製品製造業,0
2014,鼠蹊,藥品製造業,0
2014,鼠蹊,橡膠製品製造業,1
2014,鼠蹊,塑膠製品製造業,1
2014,鼠蹊,非金屬礦物製品製造業,0
2014,鼠蹊,基本金屬製造業,1
2014,鼠蹊,金屬製品製造業,1
2014,鼠蹊,電子零組件製造業,2
2014,鼠蹊,電腦、電子產品及光學製品製造業,2
2014,鼠蹊,電力設備製造業,0
2014,鼠蹊,機械設備製造業,2
2014,鼠蹊,汽車及其零件製造業,0
2014,鼠蹊,其他運輸工具製造業,1
2014,鼠蹊,家具製造業,0
2014,鼠蹊,其他製造業,0
2014,鼠蹊,產業用機械設備維修及安裝業,1
2014,鼠蹊,電力及燃氣供應業,0
2014,鼠蹊,用水供應及污染整治業,0
2014,鼠蹊,營造業,2
2014,鼠蹊,批發及零售業,1
2014,鼠蹊,運輸及倉儲業,3
2014,鼠蹊,住宿及餐飲業,0
2014,鼠蹊,資訊及通訊傳播業,0
2014,鼠蹊,金融及保險業,1
2014,鼠蹊,不動產業,0
2014,鼠蹊,專業、科學及技術服務業,0
2014,鼠蹊,支援服務業,0
2014,鼠蹊,公共行政及國防；強制性社會安全,1
2014,鼠蹊,教育服務業,0
2014,鼠蹊,醫療保健及社會工作服務業,4
2014,鼠蹊,藝術、娛樂及休閒服務業,0
2014,鼠蹊,其他服務業,0
2014,股,農、林、漁、牧業,1
2014,股,礦業及土石採取業,0
2014,股,食品製造業,6
2014,股,飲料製造業,0
2014,股,菸草製造業,0
2014,股,紡織業,0
2014,股,成衣及服飾品製造業,2
2014,股,皮革、毛皮及其製品製造業,0
2014,股,木竹製品製造業,0
2014,股,紙漿、紙及紙製品製造業,3
2014,股,印刷及資料儲存媒體複製業,0
2014,股,石油及煤製品製造業,0
2014,股,化學材料製造業,2
2014,股,化學製品製造業,1
2014,股,藥品製造業,0
2014,股,橡膠製品製造業,0
2014,股,塑膠製品製造業,3
2014,股,非金屬礦物製品製造業,2
2014,股,基本金屬製造業,0
2014,股,金屬製品製造業,4
2014,股,電子零組件製造業,4
2014,股,電腦、電子產品及光學製品製造業,1
2014,股,電力設備製造業,4
2014,股,機械設備製造業,1
2014,股,汽車及其零件製造業,0
2014,股,其他運輸工具製造業,0
2014,股,家具製造業,0
2014,股,其他製造業,1
2014,股,產業用機械設備維修及安裝業,0
2014,股,電力及燃氣供應業,0
2014,股,用水供應及污染整治業,4
2014,股,營造業,7
2014,股,批發及零售業,8
2014,股,運輸及倉儲業,9
2014,股,住宿及餐飲業,8
2014,股,資訊及通訊傳播業,0
2014,股,金融及保險業,12
2014,股,不動產業,5
2014,股,專業、科學及技術服務業,1
2014,股,支援服務業,3
2014,股,公共行政及國防；強制性社會安全,6
2014,股,教育服務業,0
2014,股,醫療保健及社會工作服務業,2
2014,股,藝術、娛樂及休閒服務業,5
2014,股,其他服務業,2
2014,股,農、林、漁、牧業,5
2014,股,礦業及土石採取業,0
2014,股,食品製造業,19
2014,股,飲料製造業,0
2014,股,菸草製造業,0
2014,股,紡織業,9
2014,股,成衣及服飾品製造業,0
2014,股,皮革、毛皮及其製品製造業,4
2014,股,木竹製品製造業,1
2014,股,紙漿、紙及紙製品製造業,3
2014,股,印刷及資料儲存媒體複製業,0
2014,股,石油及煤製品製造業,0
2014,股,化學材料製造業,5
2014,股,化學製品製造業,7
2014,股,藥品製造業,4
2014,股,橡膠製品製造業,7
2014,股,塑膠製品製造業,10
2014,股,非金屬礦物製品製造業,6
2014,股,基本金屬製造業,5
2014,股,金屬製品製造業,19
2014,股,電子零組件製造業,58
2014,股,電腦、電子產品及光學製品製造業,20
2014,股,電力設備製造業,17
2014,股,機械設備製造業,9
2014,股,汽車及其零件製造業,5
2014,股,其他運輸工具製造業,6
2014,股,家具製造業,2
2014,股,其他製造業,4
2014,股,產業用機械設備維修及安裝業,0
2014,股,電力及燃氣供應業,2
2014,股,用水供應及污染整治業,22
2014,股,營造業,19
2014,股,批發及零售業,64
2014,股,運輸及倉儲業,166
2014,股,住宿及餐飲業,55
2014,股,資訊及通訊傳播業,12
2014,股,金融及保險業,46
2014,股,不動產業,8
2014,股,專業、科學及技術服務業,5
2014,股,支援服務業,29
2014,股,公共行政及國防；強制性社會安全,44
2014,股,教育服務業,2
2014,股,醫療保健及社會工作服務業,51
2014,股,藝術、娛樂及休閒服務業,8
2014,股,其他服務業,2
2014,腿,農、林、漁、牧業,0
2014,腿,礦業及土石採取業,0
2014,腿,食品製造業,36
2014,腿,飲料製造業,4
2014,腿,菸草製造業,0
2014,腿,紡織業,15
2014,腿,成衣及服飾品製造業,0
2014,腿,皮革、毛皮及其製品製造業,8
2014,腿,木竹製品製造業,2
2014,腿,紙漿、紙及紙製品製造業,12
2014,腿,印刷及資料儲存媒體複製業,2
2014,腿,石油及煤製品製造業,2
2014,腿,化學材料製造業,22
2014,腿,化學製品製造業,19
2014,腿,藥品製造業,11
2014,腿,橡膠製品製造業,7
2014,腿,塑膠製品製造業,10
2014,腿,非金屬礦物製品製造業,21
2014,腿,基本金屬製造業,46
2014,腿,金屬製品製造業,69
2014,腿,電子零組件製造業,53
2014,腿,電腦、電子產品及光學製品製造業,18
2014,腿,電力設備製造業,22
2014,腿,機械設備製造業,34
2014,腿,汽車及其零件製造業,10
2014,腿,其他運輸工具製造業,10
2014,腿,家具製造業,5
2014,腿,其他製造業,5
2014,腿,產業用機械設備維修及安裝業,0
2014,腿,電力及燃氣供應業,3
2014,腿,用水供應及污染整治業,34
2014,腿,營造業,45
2014,腿,批發及零售業,80
2014,腿,運輸及倉儲業,200
2014,腿,住宿及餐飲業,75
2014,腿,資訊及通訊傳播業,15
2014,腿,金融及保險業,37
2014,腿,不動產業,15
2014,腿,專業、科學及技術服務業,9
2014,腿,支援服務業,49
2014,腿,公共行政及國防；強制性社會安全,34
2014,腿,教育服務業,1
2014,腿,醫療保健及社會工作服務業,27
2014,腿,藝術、娛樂及休閒服務業,13
2014,腿,其他服務業,4
2014,足,農、林、漁、牧業,5
2014,足,礦業及土石採取業,1
2014,足,食品製造業,71
2014,足,飲料製造業,3
2014,足,菸草製造業,0
2014,足,紡織業,31
2014,足,成衣及服飾品製造業,1
2014,足,皮革、毛皮及其製品製造業,10
2014,足,木竹製品製造業,3
2014,足,紙漿、紙及紙製品製造業,21
2014,足,印刷及資料儲存媒體複製業,4
2014,足,石油及煤製品製造業,1
2014,足,化學材料製造業,28
2014,足,化學製品製造業,26
2014,足,藥品製造業,12
2014,足,橡膠製品製造業,21
2014,足,塑膠製品製造業,40
2014,足,非金屬礦物製品製造業,37
2014,足,基本金屬製造業,53
2014,足,金屬製品製造業,120
2014,足,電子零組件製造業,185
2014,足,電腦、電子產品及光學製品製造業,55
2014,足,電力設備製造業,38
2014,足,機械設備製造業,60
2014,足,汽車及其零件製造業,21
2014,足,其他運輸工具製造業,32
2014,足,家具製造業,10
2014,足,其他製造業,19
2014,足,產業用機械設備維修及安裝業,1
2014,足,電力及燃氣供應業,5
2014,足,用水供應及污染整治業,54
2014,足,營造業,62
2014,足,批發及零售業,155
2014,足,運輸及倉儲業,438
2014,足,住宿及餐飲業,157
2014,足,資訊及通訊傳播業,21
2014,足,金融及保險業,54
2014,足,不動產業,15
2014,足,專業、科學及技術服務業,7
2014,足,支援服務業,69
2014,足,公共行政及國防；強制性社會安全,42
2014,足,教育服務業,8
2014,足,醫療保健及社會工作服務業,99
2014,足,藝術、娛樂及休閒服務業,22
2014,足,其他服務業,5
2014,內臟,農、林、漁、牧業,0
2014,內臟,礦業及土石採取業,0
2014,內臟,食品製造業,1
2014,內臟,飲料製造業,0
2014,內臟,菸草製造業,0
2014,內臟,紡織業,2
2014,內臟,成衣及服飾品製造業,0
2014,內臟,皮革、毛皮及其製品製造業,0
2014,內臟,木竹製品製造業,0
2014,內臟,紙漿、紙及紙製品製造業,1
2014,內臟,印刷及資料儲存媒體複製業,0
2014,內臟,石油及煤製品製造業,0
2014,內臟,化學材料製造業,1
2014,內臟,化學製品製造業,0
2014,內臟,藥品製造業,0
2014,內臟,橡膠製品製造業,0
2014,內臟,塑膠製品製造業,0
2014,內臟,非金屬礦物製品製造業,0
2014,內臟,基本金屬製造業,3
2014,內臟,金屬製品製造業,2
2014,內臟,電子零組件製造業,0
2014,內臟,電腦、電子產品及光學製品製造業,1
2014,內臟,電力設備製造業,0
2014,內臟,機械設備製造業,0
2014,內臟,汽車及其零件製造業,0
2014,內臟,其他運輸工具製造業,0
2014,內臟,家具製造業,0
2014,內臟,其他製造業,1
2014,內臟,產業用機械設備維修及安裝業,0
2014,內臟,電力及燃氣供應業,1
2014,內臟,用水供應及污染整治業,1
2014,內臟,營造業,3
2014,內臟,批發及零售業,0
2014,內臟,運輸及倉儲業,7
2014,內臟,住宿及餐飲業,0
2014,內臟,資訊及通訊傳播業,1
2014,內臟,金融及保險業,2
2014,內臟,不動產業,1
2014,內臟,專業、科學及技術服務業,0
2014,內臟,支援服務業,3
2014,內臟,公共行政及國防；強制性社會安全,2
2014,內臟,教育服務業,0
2014,內臟,醫療保健及社會工作服務業,3
2014,內臟,藝術、娛樂及休閒服務業,0
2014,內臟,其他服務業,0
2014,全身,農、林、漁、牧業,0
2014,全身,礦業及土石採取業,0
2014,全身,食品製造業,4
2014,全身,飲料製造業,0
2014,全身,菸草製造業,0
2014,全身,紡織業,2
2014,全身,成衣及服飾品製造業,0
2014,全身,皮革、毛皮及其製品製造業,0
2014,全身,木竹製品製造業,0
2014,全身,紙漿、紙及紙製品製造業,0
2014,全身,印刷及資料儲存媒體複製業,0
2014,全身,石油及煤製品製造業,0
2014,全身,化學材料製造業,3
2014,全身,化學製品製造業,1
2014,全身,藥品製造業,0
2014,全身,橡膠製品製造業,0
2014,全身,塑膠製品製造業,0
2014,全身,非金屬礦物製品製造業,1
2014,全身,基本金屬製造業,0
2014,全身,金屬製品製造業,0
2014,全身,電子零組件製造業,1
2014,全身,電腦、電子產品及光學製品製造業,3
2014,全身,電力設備製造業,0
2014,全身,機械設備製造業,0
2014,全身,汽車及其零件製造業,0
2014,全身,其他運輸工具製造業,2
2014,全身,家具製造業,0
2014,全身,其他製造業,1
2014,全身,產業用機械設備維修及安裝業,0
2014,全身,電力及燃氣供應業,1
2014,全身,用水供應及污染整治業,0
2014,全身,營造業,5
2014,全身,批發及零售業,1
2014,全身,運輸及倉儲業,9
2014,全身,住宿及餐飲業,4
2014,全身,資訊及通訊傳播業,1
2014,全身,金融及保險業,5
2014,全身,不動產業,6
2014,全身,專業、科學及技術服務業,0
2014,全身,支援服務業,2
2014,全身,公共行政及國防；強制性社會安全,1
2014,全身,教育服務業,0
2014,全身,醫療保健及社會工作服務業,10
2014,全身,藝術、娛樂及休閒服務業,0
2014,全身,其他服務業,0
2014,其他,農、林、漁、牧業,6
2014,其他,礦業及土石採取業,1
2014,其他,食品製造業,18
2014,其他,飲料製造業,1
2014,其他,菸草製造業,0
2014,其他,紡織業,9
2014,其他,成衣及服飾品製造業,3
2014,其他,皮革、毛皮及其製品製造業,0
2014,其他,木竹製品製造業,2
2014,其他,紙漿、紙及紙製品製造業,3
2014,其他,印刷及資料儲存媒體複製業,0
2014,其他,石油及煤製品製造業,2
2014,其他,化學材料製造業,10
2014,其他,化學製品製造業,7
2014,其他,藥品製造業,6
2014,其他,橡膠製品製造業,8
2014,其他,塑膠製品製造業,14
2014,其他,非金屬礦物製品製造業,18
2014,其他,基本金屬製造業,14
2014,其他,金屬製品製造業,54
2014,其他,電子零組件製造業,85
2014,其他,電腦、電子產品及光學製品製造業,22
2014,其他,電力設備製造業,9
2014,其他,機械設備製造業,21
2014,其他,汽車及其零件製造業,5
2014,其他,其他運輸工具製造業,4
2014,其他,家具製造業,1
2014,其他,其他製造業,5
2014,其他,產業用機械設備維修及安裝業,0
2014,其他,電力及燃氣供應業,0
2014,其他,用水供應及污染整治業,14
2014,其他,營造業,24
2014,其他,批發及零售業,34
2014,其他,運輸及倉儲業,52
2014,其他,住宿及餐飲業,38
2014,其他,資訊及通訊傳播業,5
2014,其他,金融及保險業,26
2014,其他,不動產業,3
2014,其他,專業、科學及技術服務業,4
2014,其他,支援服務業,35
2014,其他,公共行政及國防；強制性社會安全,32
2014,其他,教育服務業,2
2014,其他,醫療保健及社會工作服務業,31
2014,其他,藝術、娛樂及休閒服務業,2
2014,其他,其他服務業,1
